40,17/06/2020,BE 0460.946.968,40,EUR,,
NAT.,Datum neerlegging,Nr.,Blz.,D.,20173.00096,VOL 1.1
Nr.,BE 0460.946.968,VOL 2.1
Nr.,BE 0460.946.968,VOL 2.1
Nr.,BE 0460.946.968,VOL 2.1
Nr.,BE 0460.946.968,VOL 2.1
Nr.,BE 0460.946.968,VOL 2.1
Nr.,BE 0460.946.968,VOL 2.1
Nr.,BE 0460.946.968,VOL 2.2
"",,Aard van
"",Lidmaatschaps-,
"Naam, voornamen, beroep en woonplaats",,de opdracht
"",nummer,
"",,"(A, B, C en/of D)"
BUREAU FIDUCIAIRE LERMINIAUX NV,220035 3 F 72,
BBE 0456.681.245,,
Edouard Deknoopstraat 41/D,,
1140 Evere,,
BELGIË,,
Direct of indirect vertegenwoordigd door,,
"",13772 2 F 88,
DESCHUYTENEER Alexandre,,
Accountant & Belastingconsulent,,
D'audigerstraat 9,,
7060 Soignies,,
BELGIË,,
Nr.,BE 0460.946.968,VOL 3.1
"",Toel.,Codes,Boekjaar,Vorig boekjaar
ACTIVA,,,,
OPRICHTINGSKOSTEN,6.1,20,,
VASTE ACTIVA,,21/28,1.002.559,1.019.027
Immateriële vaste activa,6.2,21,713.832,774.709
Materiële vaste activa,6.3,22/27,285.039,238.190
Terreinen en gebouwen,,22,,
"Installaties, machines en uitrusting",,23,,
Meubilair en rollend materieel,,24,261.244,190.530
Leasing en soortgelijke rechten,,25,,
Overige materiële vaste activa,,26,23.795,47.660
Activa in aanbouw en vooruitbetalingen,,27,,
Financiële vaste activa,6.4/6.5.1,28,3.688,6.128
Verbonden ondernemingen,6.15,280/1,,
Deelnemingen,,280,,
Vorderingen,,281,,
Ondernemingen waarmee een,,,,
deelnemingsverhouding bestaat,6.15,282/3,,
Deelnemingen,,282,,
Vorderingen,,283,,
Andere financiële vaste activa,,284/8,3.688,6.128
Aandelen,,284,,
Vorderingen en borgtochten in contanten,,285/8,3.688,6.128
VLOTTENDE ACTIVA,,29/58,21.374.989,21.052.368
Vorderingen op meer dan één jaar,,29,,
Handelsvorderingen,,290,,
Overige vorderingen,,291,,
Voorraden en bestellingen in uitvoering,,3,,
Voorraden,,30/36,,
Grond- en hulpstoffen,,30/31,,
Goederen in bewerking,,32,,
Gereed product,,33,,
Handelsgoederen,,34,,
Onroerende goederen bestemd voor verkoop,,35,,
Vooruitbetalingen,,36,,
Bestellingen in uitvoering,,37,,
Vorderingen op ten hoogste één jaar,,40/41,18.519.482,18.324.834
Handelsvorderingen,,40,18.396.975,18.217.892
Overige vorderingen,,41,122.507,106.942
Geldbeleggingen,6.5.1/6.6,50/53,,
Eigen aandelen,,50,,
Overige beleggingen,,51/53,,
Liquide middelen,,54/58,2.376.996,2.162.777
Overlopende rekeningen,6.6,490/1,478.511,564.757
TOTAAL VAN DE ACTIVA,,20/58,22.377.548,22.071.395
Nr.,BE 0460.946.968,VOL 3.2
"",,Toel.,Codes,Boekjaar,Vorig boekjaar
PASSIVA,,,,,
EIGEN VERMOGEN,,,10/15,1.242.125,1.268.153
Kapitaal,,6.7.1,10,240.000,252.000
Geplaatst kapitaal,,,100,240.000,252.000
Niet-opgevraagd kapitaal,,,101,,
Uitgiftepremies,,,11,,
Herwaarderingsmeerwaarden,,,12,,
Reserves,,,13,1.002.125,1.016.153
Wettelijke reserve,,,130,3.254,3.254
Onbeschikbare reserves,,,131,,
Voor eigen aandelen,,,1310,,
Andere,,,1311,,
Belastingvrije reserves,,,132,,
Beschikbare reserves,,,133,998.871,1.012.900
Overgedragen winst (verlies) (+)/(-),,,14,,
Kapitaalsubsidies,,,15,,
Voorschot aan de vennoten op de verdeling van het,,,,,
netto-actief,,,19,,
VOORZIENINGEN EN UITGESTELDE,,,,,
BELASTINGEN,,,16,,
Voorzieningen voor risico's en kosten,,,160/5,,
Pensioenen en soortgelijke verplichtingen,,,160,,
Fiscale lasten,,,161,,
Grote herstellings- en onderhoudswerken,,,162,,
Milieuverplichtingen,,,163,,
Overige risico's en kosten,,6.8,164/5,,
Uitgestelde belastingen,,,168,,
SCHULDEN,,,17/49,21.135.423,20.803.242
Schulden op meer dan één jaar,,6.9,17,88.556,259.481
Financiële schulden,,,170/4,86.456,257.631
Achtergestelde leningen,,,170,,
Niet-achtergestelde obligatieleningen,,,171,,
Leasingschulden en soortgelijke schulden,,,172,,
Kredietinstellingen,,,173,86.456,257.631
Overige leningen,,,174,,
Handelsschulden,,,175,,
Leveranciers,,,1750,,
Te betalen wissels,,,1751,,
Ontvangen vooruitbetalingen op bestellingen,,,176,,
Overige schulden,,,178/9,2.100,1.850
Schulden op ten hoogste één jaar,,6.9,42/48,21.022.529,20.543.760
Schulden op meer dan één jaar die binnen het jaar,,,,,
vervallen,,,42,171.175,168.883
Financiële schulden,,,43,,
Kredietinstellingen,,,430/8,,
Overige leningen,,,439,,
Handelsschulden,,,44,1.801.455,2.132.406
Leveranciers,,,440/4,1.801.455,2.132.406
Te betalen wissels,,,441,,
Ontvangen vooruitbetalingen op bestellingen,,,46,172.278,18.722
"Schulden met betrekking tot belastingen,",,,,,
bezoldigingen en sociale lasten,,6.9,45,2.054.831,2.254.970
Belastingen,,,450/3,1.736.593,1.812.659
Bezoldigingen en sociale lasten,,,454/9,318.238,442.311
Overige schulden,,,47/48,16.822.789,15.968.779
Overlopende rekeningen,,6.9,492/3,24.338,
TOTAAL VAN DE PASSIVA,,,10/49,22.377.548,22.071.395
Nr.,BE 0460.946.968,VOL 4
"",Toel.,Codes,Boekjaar,Vorig boekjaar
Bedrijfsopbrengsten,,70/76A,37.647.107,35.549.096
Omzet,6.10,70,37.439.918,35.277.240
Voorraad goederen in bewerking en gereed product,,,,
en bestellingen in uitvoering: toename (afname) (+)/(-),,71,,
Geproduceerde vaste activa,,72,,
Andere bedrijfsopbrengsten,6.10,74,207.189,271.856
Niet-recurrente bedrijfsopbrengsten,6.12,76A,,
Bedrijfskosten,,60/66A,25.572.819,23.185.158
"Handelsgoederen, grond- en hulpstoffen",,60,9.034.078,7.844.052
Aankopen,,600/8,9.034.078,7.844.052
Voorraad: afname (toename) (+)/(-),,609,,
Diensten en diverse goederen,,61,11.633.278,10.513.639
"Bezoldigingen, sociale lasten en pensioenen (+)/(-)",6.10,62,3.784.948,3.539.334
Afschrijvingen en waardeverminderingen op,,,,
"oprichtingskosten, op immateriële en materiële vaste",,,,
activa,,630,438.613,524.358
"Waardeverminderingen op voorraden, op bestellingen",,,,
in uitvoering en op handelsvorderingen: toevoegingen,,,,
(terugnemingen) (+)/(-),6.10,631/4,534.118,562.376
Voorzieningen voor risico's en kosten: toevoegingen,,,,
(bestedingen en terugnemingen) (+)/(-),6.10,635/8,,
Andere bedrijfskosten,6.10,640/8,147.783,201.400
Als herstructureringskosten geactiveerde,,,,
bedrijfskosten (-),,649,,
Niet-recurrente bedrijfskosten,6.12,66A,,
Bedrijfswinst (Bedrijfsverlies) (+)/(-),,9901,12.074.288,12.363.938
Financiële opbrengsten,,75/76B,1.262,2.562
Recurrente financiële opbrengsten,,75,1.262,2.562
Opbrengsten uit financiële vaste activa,,750,,
Opbrengsten uit vlottende activa,,751,,
Andere financiële opbrengsten,6.11,752/9,1.262,2.562
Niet-recurrente financiële opbrengsten,6.12,76B,,
Financiële kosten,,65/66B,31.965,315.318
Recurrente financiële kosten,6.11,65,31.965,315.318
Kosten van schulden,,650,13.139,11.871
Waardeverminderingen op vlottende activa,,,,
"andere dan voorraden, bestellingen in",,,,
uitvoering en handelsvorderingen: toevoegingen,,,,
(terugnemingen) (+)/(-),,651,-292.581,292.581
Andere financiële kosten,,652/9,311.408,10.866
Niet-recurrente financiële kosten,6.12,66B,,
Winst (Verlies) van het boekjaar vóór belasting (+)/(-),,9903,12.043.585,12.051.182
Onttrekking aan de uitgestelde belastingen,,780,,
Overboeking naar de uitgestelde belastingen,,680,,
Belastingen op het resultaat (+)/(-),6.13,67/77,96.421,146.458
Belastingen,,670/3,98.000,146.458
Regularisering van belastingen en terugneming van,,,,
voorzieningen voor belastingen,,77,1.579,
Winst (Verlies) van het boekjaar (+)/(-),,9904,11.947.164,11.904.724
Onttrekking aan de belastingvrije reserves,,789,,
Overboeking naar de belastingvrije reserves,,689,,
Te bestemmen winst (verlies) van het boekjaar (+)/(-),,9905,11.947.164,11.904.724
Nr.,BE 0460.946.968,VOL 5
"",,Codes,Boekjaar,Vorig boekjaar
Te bestemmen winst (verlies),(+)/(-),9906,11.947.164,11.904.724
Te bestemmen winst (verlies) van het boekjaar,(+)/(-),9905,11.947.164,11.904.724
Overgedragen winst (verlies) van het vorige boekjaar,(+)/(-),14P,,
Onttrekking aan het eigen vermogen,,791/2,432.627,460.477
aan het kapitaal en aan de uitgiftepremies,,791,,
aan de reserves,,792,432.627,460.477
Toevoeging aan het eigen vermogen,,691/2,418.599,570.530
aan het kapitaal en aan de uitgiftepremies,,691,,
aan de wettelijke reserve,,6920,,
aan de overige reserves,,6921,418.599,570.530
Over te dragen winst (verlies),(+)/(-),14,,
Tussenkomst van de vennoten in het verlies,,794,,
Uit te keren winst,,694/7,11.961.192,11.794.672
Vergoeding van het kapitaal,,694,,
Bestuurders of zaakvoerders,,695,10.737.504,10.685.597
Werknemers,,696,,
Andere rechthebbenden,,697,1.223.689,1.109.075
Nr.,BE 0460.946.968,VOL 6.2.3
"",Codes,Boekjaar,Vorig boekjaar
"CONCESSIES, OCTROOIEN, LICENTIES, KNOWHOW,",,,
MERKEN EN SOORTGELIJKE RECHTEN,,,
Aanschaffingswaarde per einde van het boekjaar,8052P,XXXXXXXXXX,1.953.795
Mutaties tijdens het boekjaar,,,
"Aanschaffingen, met inbegrip van de geproduceerde vaste activa",8022,208.828,
Overdrachten en buitengebruikstellingen,8032,,
Overboekingen van een post naar een andere (+)/(-),8042,,
Aanschaffingswaarde per einde van het boekjaar,8052,2.162.623,
Afschrijvingen en waardeverminderingen per einde van het,,,
boekjaar,8122P,XXXXXXXXXX,1.179.086
Mutaties tijdens het boekjaar,,,
Geboekt,8072,269.706,
Teruggenomen,8082,,
Verworven van derden,8092,,
Afgeboekt na overdrachten en buitengebruikstellingen,8102,,
Overgeboekt van een post naar een andere (+)/(-),8112,,
Afschrijvingen en waardeverminderingen per einde van het,,,
boekjaar,8122,1.448.792,
NETTOBOEKWAARDE PER EINDE VAN HET BOEKJAAR,211,713.832,
Nr.,BE 0460.946.968,VOL 6.2.4
"",Codes,Boekjaar,Vorig boekjaar
GOODWILL,,,
Aanschaffingswaarde per einde van het boekjaar,8053P,XXXXXXXXXX,368.852
Mutaties tijdens het boekjaar,,,
"Aanschaffingen, met inbegrip van de geproduceerde vaste activa",8023,,
Overdrachten en buitengebruikstellingen,8033,,
Overboekingen van een post naar een andere (+)/(-),8043,,
Aanschaffingswaarde per einde van het boekjaar,8053,368.852,
Afschrijvingen en waardeverminderingen per einde van het,,,
boekjaar,8123P,XXXXXXXXXX,368.852
Mutaties tijdens het boekjaar,,,
Geboekt,8073,,
Teruggenomen,8083,,
Verworven van derden,8093,,
Afgeboekt na overdrachten en buitengebruikstellingen,8103,,
Overgeboekt van een post naar een andere (+)/(-),8113,,
Afschrijvingen en waardeverminderingen per einde van het,,,
boekjaar,8123,368.852,
NETTOBOEKWAARDE PER EINDE VAN HET BOEKJAAR,212,,
Nr.,BE 0460.946.968,VOL 6.3.3
"",Codes,Boekjaar,Vorig boekjaar
MEUBILAIR EN ROLLEND MATERIEEL,,,
Aanschaffingswaarde per einde van het boekjaar,8193P,XXXXXXXXXX,2.362.830
Mutaties tijdens het boekjaar,,,
"Aanschaffingen, met inbegrip van de geproduceerde vaste activa",8163,207.784,
Overdrachten en buitengebruikstellingen,8173,,
Overboekingen van een post naar een andere (+)/(-),8183,,
Aanschaffingswaarde per einde van het boekjaar,8193,2.570.614,
Meerwaarden per einde van het boekjaar,8253P,XXXXXXXXXX,
Mutaties tijdens het boekjaar,,,
Geboekt,8213,,
Verworven van derden,8223,,
Afgeboekt,8233,,
Overgeboekt van een post naar een andere (+)/(-),8243,,
Meerwaarden per einde van het boekjaar,8253,,
Afschrijvingen en waardeverminderingen per einde van het,,,
boekjaar,8323P,XXXXXXXXXX,2.172.299
Mutaties tijdens het boekjaar,,,
Geboekt,8273,137.071,
Teruggenomen,8283,,
Verworven van derden,8293,,
Afgeboekt na overdrachten en buitengebruikstellingen,8303,,
Overgeboekt van een post naar een andere (+)/(-),8313,,
Afschrijvingen en waardeverminderingen per einde van het,,,
boekjaar,8323,2.309.370,
NETTOBOEKWAARDE PER EINDE VAN HET BOEKJAAR,24,261.244,
Nr.,BE 0460.946.968,VOL 6.3.5
"",Codes,Boekjaar,Vorig boekjaar
OVERIGE MATERIËLE VASTE ACTIVA,,,
Aanschaffingswaarde per einde van het boekjaar,8195P,XXXXXXXXXX,1.554.563
Mutaties tijdens het boekjaar,,,
"Aanschaffingen, met inbegrip van de geproduceerde vaste activa",8165,7.972,
Overdrachten en buitengebruikstellingen,8175,,
Overboekingen van een post naar een andere (+)/(-),8185,,
Aanschaffingswaarde per einde van het boekjaar,8195,1.562.534,
Meerwaarden per einde van het boekjaar,8255P,XXXXXXXXXX,
Mutaties tijdens het boekjaar,,,
Geboekt,8215,,
Verworven van derden,8225,,
Afgeboekt,8235,,
Overgeboekt van een post naar een andere (+)/(-),8245,,
Meerwaarden per einde van het boekjaar,8255,,
Afschrijvingen en waardeverminderingen per einde van het,,,
boekjaar,8325P,XXXXXXXXXX,1.506.903
Mutaties tijdens het boekjaar,,,
Geboekt,8275,31.836,
Teruggenomen,8285,,
Verworven van derden,8295,,
Afgeboekt na overdrachten en buitengebruikstellingen,8305,,
Overgeboekt van een post naar een andere (+)/(-),8315,,
Afschrijvingen en waardeverminderingen per einde van het,,,
boekjaar,8325,1.538.739,
NETTOBOEKWAARDE PER EINDE VAN HET BOEKJAAR,26,23.795,
Nr.,BE 0460.946.968,VOL 6.4.3
"",,Codes,Boekjaar,Vorig boekjaar
ANDERE ONDERNEMINGEN - DEELNEMINGEN EN,,,,
AANDELEN,,,,
Aanschaffingswaarde per einde van het boekjaar,,8393P,XXXXXXXXXX,
Mutaties tijdens het boekjaar,,,,
Aanschaffingen,,8363,,
Overdrachten en buitengebruikstellingen,,8373,,
Overboekingen van een post naar een andere (+)/(-),,8383,,
Aanschaffingswaarde per einde van het boekjaar,,8393,,
Meerwaarden per einde van het boekjaar,,8453P,XXXXXXXXXX,
Mutaties tijdens het boekjaar,,,,
Geboekt,,8413,,
Verworven van derden,,8423,,
Afgeboekt,,8433,,
Overgeboekt van een post naar een andere (+)/(-),,8443,,
Meerwaarden per einde van het boekjaar,,8453,,
Waardeverminderingen per einde van het boekjaar,,8523P,XXXXXXXXXX,
Mutaties tijdens het boekjaar,,,,
Geboekt,,8473,,
Teruggenomen,,8483,,
Verworven van derden,,8493,,
Afgeboekt na overdrachten en buitengebruikstellingen,,8503,,
Overgeboekt van een post naar een andere (+)/(-),,8513,,
Waardeverminderingen per einde van het boekjaar,,8523,,
Niet-opgevraagde bedragen per einde van het boekjaar,,8553P,XXXXXXXXXX,
Mutaties tijdens het boekjaar (+)/(-),,8543,,
Niet-opgevraagde bedragen per einde van het boekjaar,,8553,,
NETTOBOEKWAARDE PER EINDE VAN HET BOEKJAAR,,284,,
ANDERE ONDERNEMINGEN - VORDERINGEN,,,,
NETTOBOEKWAARDE PER EINDE VAN HET BOEKJAAR,,285/8P,XXXXXXXXXX,6.128
Mutaties tijdens het boekjaar,,,,
Toevoegingen,,8583,,
Terugbetalingen,,8593,2.440,
Geboekte waardeverminderingen,,8603,,
Teruggenomen waardeverminderingen,,8613,,
Wisselkoersverschillen (+)/(-),,8623,,
Overige mutaties (+)/(-),,8633,,
NETTOBOEKWAARDE PER EINDE VAN HET BOEKJAAR,,285/8,3.688,
GECUMULEERDE WAARDEVERMINDERINGEN OP,,,,
VORDERINGEN PER EINDE BOEKJAAR,,8653,,
Nr.,BE 0460.946.968,VOL 6.6
"",Codes,Boekjaar,Vorig boekjaar
OVERIGE GELDBELEGGINGEN,,,
Aandelen en geldbeleggingen andere dan vastrentende,,,
beleggingen,51,,
Aandelen - Boekwaarde verhoogd met het niet-opgevraagde bedrag,8681,,
Aandelen - Niet-opgevraagd bedrag,8682,,
Edele metalen en kunstwerken,8683,,
Vastrentende effecten,52,,
Vastrentende effecten uitgegeven door kredietinstellingen,8684,,
Termijnrekeningen bij kredietinstellingen,53,,
Met een resterende looptijd of opzegtermijn van,,,
hoogstens één maand,8686,,
meer dan één maand en hoogstens één jaar,8687,,
meer dan één jaar,8688,,
Hierboven niet-opgenomen overige geldbeleggingen,8689,,
Nr.,BE 0460.946.968,VOL 6.7.1
"",Codes,Boekjaar,Vorig boekjaar
AAT VAN HET KAPITAAL,,,
atschappelijk kapitaal,,,
Geplaatst kapitaal per einde van het boekjaar,100P,XXXXXXXXXX,252.000
Geplaatst kapitaal per einde van het boekjaar,100,240.000,
"",Codes,Bedragen,Aantal aandelen
Wijzigingen tijdens het boekjaar,,,
Vermindering Veranderlijk Gedeeltde,,-12.000,960
Samenstelling van het kapitaal,,,
Soorten aandelen,,,
Aandelen met nominale waarde,,240.000,19.200
Aandelen op naam,8702,XXXXXXXXXX,19.200
Gedematerialiseerde aandelen,8703,XXXXXXXXXX,
"",Codes,Niet-opgevraagd bedrag,"Opgevraagd, niet-"
"",,,gestort bedrag
t-gestort kapitaal,,,
Niet-opgevraagd kapitaal,101,,XXXXXXXXXX
"Opgevraagd, niet-gestort kapitaal",8712,XXXXXXXXXX,9.000
Aandeelhouders die nog moeten volstorten,,,
Nog te storten kapitaal Svjatoslav Gnedasj,,0,9.000
"",Codes,Boekjaar
Eigen aandelen,,
Gehouden door de vennootschap zelf,,
Kapitaalbedrag,8721,
Aantal aandelen,8722,
Gehouden door haar dochters,,
Kapitaalbedrag,8731,
Aantal aandelen,8732,
Verplichtingen tot uitgifte van aandelen,,
Als gevolg van de uitoefening van conversierechten,,
Bedrag van de lopende converteerbare leningen,8740,
Bedrag van het te plaatsen kapitaal,8741,
Maximum aantal uit te geven aandelen,8742,
Als gevolg van de uitoefening van inschrijvingsrechten,,
Aantal inschrijvingsrechten in omloop,8745,
Bedrag van het te plaatsen kapitaal,8746,
Maximum aantal uit te geven aandelen,8747,
"Toegestaan, niet-geplaatst kapitaal",8751,
"",Codes,Boekjaar
ndelen buiten kapitaal,,
Verdeling,,
Aantal aandelen,8761,
Daaraan verbonden stemrecht,8762,
Uitsplitsing volgens de aandeelhouders,,
Aantal aandelen gehouden door de vennootschap zelf,8771,
Aantal aandelen gehouden door haar dochters,8781,
Nr.,BE 0460.946.968,VOL 6.9
"",Codes,Boekjaar
UITSPLITSING VAN DE SCHULDEN MET EEN OORSPRONKELIJKE LOOPTIJD,,
"VAN MEER DAN ÉÉN JAAR, NAARGELANG HUN RESTERENDE LOOPTIJD",,
Schulden op meer dan één jaar die binnen het jaar vervallen,,
Financiële schulden,8801,171.175
Achtergestelde leningen,8811,
Niet-achtergestelde obligatieleningen,8821,
Leasingschulden en soortgelijke schulden,8831,
Kredietinstellingen,8841,171.175
Overige leningen,8851,
Handelsschulden,8861,
Leveranciers,8871,
Te betalen wissels,8881,
Ontvangen vooruitbetalingen op bestellingen,8891,
Overige schulden,8901,
Totaal der schulden op meer dan één jaar die binnen het jaar vervallen,42,171.175
Schulden met een resterende looptijd van meer dan één jaar doch hoogstens 5 jaar,,
Financiële schulden,8802,86.456
Achtergestelde leningen,8812,
Niet-achtergestelde obligatieleningen,8822,
Leasingschulden en soortgelijke schulden,8832,
Kredietinstellingen,8842,86.456
Overige leningen,8852,
Handelsschulden,8862,
Leveranciers,8872,
Te betalen wissels,8882,
Ontvangen vooruitbetalingen op bestellingen,8892,
Overige schulden,8902,2.100
Totaal der schulden met een resterende looptijd van meer dan één jaar doch hoogstens 5,,
jaar,8912,88.556
Schulden met een resterende looptijd van meer dan 5 jaar,,
Financiële schulden,8803,
Achtergestelde leningen,8813,
Niet-achtergestelde obligatieleningen,8823,
Leasingschulden en soortgelijke schulden,8833,
Kredietinstellingen,8843,
Overige leningen,8853,
Handelsschulden,8863,
Leveranciers,8873,
Te betalen wissels,8883,
Ontvangen vooruitbetalingen op bestellingen,8893,
Overige schulden,8903,
Totaal der schulden met een resterende looptijd van meer dan 5 jaar,8913,
Nr.,BE 0460.946.968,VOL 6.9
"",Codes,Boekjaar
Totaal van de door Belgische overheidsinstellingen gewaarborgde schulden,9061,
Schulden gewaarborgd door zakelijke zekerheden gesteld of onherroepelijk beloofd op,,
activa van de onderneming,,
Financiële schulden,8922,
Achtergestelde leningen,8932,
Niet-achtergestelde obligatieleningen,8942,
Leasingschulden en soortgelijke schulden,8952,
Kredietinstellingen,8962,
Overige leningen,8972,
Handelsschulden,8982,
Leveranciers,8992,
Te betalen wissels,9002,
Ontvangen vooruitbetalingen op bestellingen,9012,
"Schulden met betrekking tot belastingen, bezoldigingen en sociale lasten",9022,
Belastingen,9032,
Bezoldigingen en sociale lasten,9042,
Overige schulden,9052,
Totaal der schulden gewaarborgd door zakelijke zekerheden gesteld of onherroepelijk,,
beloofd op activa van de onderneming,9062,
"",Codes,Boekjaar
"SCHULDEN MET BETREKKING TOT BELASTINGEN, BEZOLDIGINGEN EN",,
SOCIALE LASTEN,,
Belastingen,,
Vervallen belastingschulden,9072,
Niet-vervallen belastingschulden,9073,1.688.593
Geraamde belastingschulden,450,48.000
Bezoldigingen en sociale lasten,,
Vervallen schulden ten aanzien van de Rijksdienst voor Sociale Zekerheid,9076,
Andere schulden met betrekking tot bezoldigingen en sociale lasten,9077,318.238
Nr.,BE 0460.946.968,VOL 6.10
"",Codes,Boekjaar,Vorig boekjaar
BEDRIJFSOPBRENGSTEN,,,
Netto-omzet,,,
Uitsplitsing per bedrijfscategorie,,,
Uitsplitsing per geografische markt,,,
Andere bedrijfsopbrengsten,,,
Exploitatiesubsidies en vanwege de overheid ontvangen,,,
compenserende bedragen,740,1.501,1.494
BEDRIJFSKOSTEN,,,
Werknemers waarvoor de onderneming een DIMONA-verklaring,,,
heeft ingediend of die zijn ingeschreven in het algemeen,,,
personeelsregister,,,
Totaal aantal op de afsluitingsdatum,9086,50,53
Gemiddeld personeelsbestand berekend in voltijdse equivalenten,9087,"48,4","49,4"
Aantal daadwerkelijk gepresteerde uren,9088,84.538,83.486
Personeelskosten,,,
Bezoldigingen en rechtstreekse sociale voordelen,620,2.421.187,2.300.904
Werkgeversbijdragen voor sociale verzekeringen,621,586.596,571.584
Werkgeverspremies voor bovenwettelijke verzekeringen,622,185.553,162.081
Andere personeelskosten,623,591.612,504.765
Ouderdoms- en overlevingspensioenen,624,,
Voorzieningen voor pensioenen en soortgelijke verplichtingen,,,
Toevoegingen (bestedingen en terugnemingen) (+)/(-),635,,
Waardeverminderingen,,,
Op voorraden en bestellingen in uitvoering,,,
Geboekt,9110,,
Teruggenomen,9111,,
Op handelsvorderingen,,,
Geboekt,9112,2.646.112,1.350.326
Teruggenomen,9113,2.111.994,787.950
Voorzieningen voor risico's en kosten,,,
Toevoegingen,9115,,
Bestedingen en terugnemingen,9116,,
Andere bedrijfskosten,,,
Bedrijfsbelastingen en -taksen,640,232,428
Andere,641/8,147.552,200.973
Uitzendkrachten en ter beschikking van de onderneming gestelde,,,
personen,,,
Totaal aantal op de afsluitingsdatum,9096,,
Gemiddeld aantal berekend in voltijdse equivalenten,9097,"0,1",
Aantal daadwerkelijk gepresteerde uren,9098,490,
Kosten voor de onderneming,617,18.617,
Nr.,BE 0460.946.968,VOL 6.11
"",Codes,Boekjaar,Vorig boekjaar
RECURRENTE FINANCIËLE OPBRENGSTEN,,,
Andere financiële opbrengsten,,,
"Door de overheid toegekende subsidies, aangerekend op de",,,
resultatenrekening,,,
Kapitaalsubsidies,9125,,
Interestsubsidies,9126,,
Uitsplitsing van de overige financiële opbrengsten,,,
RECURRENTE FINANCIËLE KOSTEN,,,
Afschrijving van kosten bij uitgifte van leningen,6501,,
Geactiveerde interesten,6503,,
Waardeverminderingen op vlottende activa,,,
Geboekt,6510,,292.581
Teruggenomen,6511,292.581,
Andere financiële kosten,,,
Bedrag van het disconto ten laste van de onderneming bij de,,,
verhandeling van vorderingen,653,,
Voorzieningen met financieel karakter,,,
Toevoegingen,6560,,
Bestedingen en terugnemingen,6561,,
Uitsplitsing van de overige financiële kosten,,,
Minderwaarde op realisatie van vlottende activa,,292.581,0
Wisselresultaten,,2.799,41
Bankkosten & betalingsverschillen,,16.028,10.826
Nr.,BE 0460.946.968,VOL 6.13
"",Codes,Boekjaar
BELASTINGEN OP HET RESULTAAT,,
Belastingen op het resultaat van het boekjaar,9134,98.000
Verschuldigde of betaalde belastingen en voorheffingen,9135,50.000
Geactiveerde overschotten van betaalde belastingen en voorheffingen,9136,
Geraamde belastingsupplementen,9137,48.000
Belastingen op het resultaat van vorige boekjaren,9138,
Verschuldigde of betaalde belastingsupplementen,9139,
Geraamde belastingsupplementen of belastingen waarvoor een voorziening werd gevormd,9140,
"Belangrijkste oorzaken van de verschillen tussen de winst vóór belastingen, zoals die blijkt",,
"uit de jaarrekening, en de geraamde belastbare winst",,
Niet aftrekbare kosten ( Excl. belastingen ),,281.889
Toekenning bestuurders,,-10.737.504
Toekenning andere rechthebbenden,,-1.223.689
"",Codes,Boekjaar
nnen van belastinglatenties,,
Actieve latenties,9141,
Gecumuleerde fiscale verliezen die aftrekbaar zijn van latere belastbare winsten,9142,
Andere actieve latenties,,
Passieve latenties,9144,
Uitsplitsing van de passieve latenties,,
"",Codes,Boekjaar,Vorig boekjaar
BELASTING OP DE TOEGEVOEGDE WAARDE EN,,,
BELASTINGEN TEN LASTE VAN DERDEN,,,
In rekening gebrachte belasting op de toegevoegde waarde,,,
Aan de onderneming (aftrekbaar),9145,5.778.748,4.945.751
Door de onderneming,9146,8.118.117,7.620.280
Ingehouden bedragen ten laste van derden als,,,
Bedrijfsvoorheffing,9147,2.413.356,2.595.021
Roerende voorheffing,9148,,
Nr.,BE 0460.946.968,VOL 6.14
"",Codes,Boekjaar
DOOR DE ONDERNEMING GESTELDE OF ONHERROEPELIJK BELOOFDE,,
PERSOONLIJKE ZEKERHEDEN ALS WAARBORG VOOR SCHULDEN OF,,
VERPLICHTINGEN VAN DERDEN,9149,
Waarvan,,
Door de onderneming geëndosseerde handelseffecten in omloop,9150,
Door de onderneming getrokken of voor aval getekende handelseffecten,9151,
Maximumbedrag ten belope waarvan andere verplichtingen van derden door de onderneming,,
zijn gewaarborgd,9153,
ZAKELIJKE ZEKERHEDEN,,
Zakelijke zekerheden die door de onderneming op haar eigen activa werden gesteld of,,
onherroepelijk beloofd als waarborg voor schulden en verplichtingen van de onderneming,,
Hypotheken,,
Boekwaarde van de bezwaarde activa,9161,
Bedrag van de inschrijving,9171,
Pand op het handelsfonds - Bedrag van de inschrijving,9181,
Pand op andere activa - Boekwaarde van de in pand gegeven activa,9191,
Zekerheden op de nog te verwerven activa - Bedrag van de betrokken activa,9201,
Zakelijke zekerheden die door de onderneming op haar eigen activa werden gesteld of,,
onherroepelijk beloofd als waarborg voor schulden en verplichtingen van derden,,
Hypotheken,,
Boekwaarde van de bezwaarde activa,9162,
Bedrag van de inschrijving,9172,
Pand op het handelsfonds - Bedrag van de inschrijving,9182,
Pand op andere activa - Boekwaarde van de in pand gegeven activa,9192,
Zekerheden op de nog te verwerven activa - Bedrag van de betrokken activa,9202,
GOEDEREN EN WAARDEN GEHOUDEN DOOR DERDEN IN HUN NAAM MAAR,,
"TEN BATE EN OP RISICO VAN DE ONDERNEMING, VOOR ZOVER DEZE",,
GOEDEREN EN WAARDEN NIET IN DE BALANS ZIJN OPGENOMEN,,
BELANGRIJKE VERPLICHTINGEN TOT AANKOOP VAN VASTE ACTIVA,,
BELANGRIJKE VERPLICHTINGEN TOT VERKOOP VAN VASTE ACTIVA,,
TERMIJNVERRICHTINGEN,,
Gekochte (te ontvangen) goederen,9213,
Verkochte (te leveren) goederen,9214,
Gekochte (te ontvangen) deviezen,9215,
Verkochte (te leveren) deviezen,9216,
Nr.,BE 0460.946.968,VOL 6.14
"",Code,Boekjaar
PENSIOENEN DIE DOOR DE ONDERNEMING ZELF WORDEN GEDRAGEN,,
Geschat bedrag van de verplichtingen die voortvloeien uit reeds gepresteerd werk,9220,
Basis en wijze waarop dit bedrag wordt berekend,,
Nr.,BE 0460.946.968,VOL 6.16
"",Codes,Boekjaar
"BESTUURDERS EN ZAAKVOERDERS, NATUURLIJKE OF RECHTSPERSONEN",,
DIE DE ONDERNEMING RECHTSTREEKS OF ONRECHTSTREEKS,,
"CONTROLEREN ZONDER VERBONDEN ONDERNEMINGEN TE ZIJN, OF",,
ANDERE ONDERNEMINGEN DIE DOOR DEZE PERSONEN RECHTSTREEKS OF,,
ONRECHTSTREEKS GECONTROLEERD WORDEN,,
Uitstaande vorderingen op deze personen,9500,
"Voornaamste voorwaarden betreffende de vorderingen, interestvoet, looptijd, eventueel",,
afgeloste of afgeschreven bedragen of bedragen waarvan werd afgezien,,
Waarborgen toegestaan in hun voordeel,9501,
Andere betekenisvolle verplichtingen aangegaan in hun voordeel,9502,
Rechtstreekse en onrechtstreekse bezoldigingen en ten laste van de resultatenrekening,,
"toegekende pensioenen, voor zover deze vermelding niet uitsluitend of hoofdzakelijk",,
betrekking heeft op de toestand van een enkel identificeerbaar persoon,,
Aan bestuurders en zaakvoerders,9503,3.447.913
Aan oud-bestuurders en oud-zaakvoerders,9504,
"",Codes,Boekjaar,
DE COMMISSARIS(SEN) EN DE PERSONEN MET WIE HIJ (ZIJ) VERBONDEN IS,,,
(ZIJN),,,
Bezoldiging van de commissaris(sen),9505,,7.000
Bezoldiging voor uitzonderlijke werkzaamheden of bijzondere opdrachten uitgevoerd,,,
binnen de vennootschap door de commissaris(sen),,,
Andere controleopdrachten,95061,,
Belastingadviesopdrachten,95062,,
Andere opdrachten buiten de revisorale opdrachten,95063,,
Bezoldiging voor uitzonderlijke werkzaamheden of bijzondere opdrachten uitgevoerd,,,
binnen de vennootschap door personen met wie de commissaris(sen) verbonden is (zijn),,,
Andere controleopdrachten,95081,,
Belastingadviesopdrachten,95082,,
Andere opdrachten buiten de revisorale opdrachten,95083,,
Nr.,BE 0460.946.968,VOL 6.18.1
Nr.,BE 0460.946.968,VOL 6.19
Nr.,BE 0460.946.968,VOL 10
Tijdens het boekjaar,Codes,Totaal,,1.,Mannen,,2.,Vrouwen
Gemiddeld aantal werknemers,,,,,,,,
Voltijds,1001,,"36,5",,,"7,8",,"28,7"
Deeltijds,1002,,"15,5",,,1,,"14,5"
Totaal in voltijdse equivalenten (VTE),1003,,"48,4",,,"8,6",,"39,8"
Aantal daadwerkelijk gepresteerde uren,,,,,,,,
Voltijds,1011,,64.743,,,14.568,,50.175
Deeltijds,1012,,19.795,,,1.304,,18.491
Totaal,1013,,84.538,,,15.872,,68.666
Personeelskosten,,,,,,,,
Voltijds,1021,,2.898.698,,,652.244,,2.246.454
Deeltijds,1022,,886.250,,,58.383,,827.867
Totaal,1023,,3.784.948,,,710.627,,3.074.321
Bedrag van de voordelen bovenop het loon,1033,,,,,,,
Tijdens het vorige boekjaar,,,,,,,,
"",Codes,P.,Totaal,,1P.,Mannen,,2P. Vrouwen
Gemiddeld aantal werknemers in VTE,1003,,,"49,4",,,"8,6","40,8"
Aantal daadwerkelijk gepresteerde uren,1013,,,83.486,,,15.199,68.287
Personeelskosten,1023,,,3.539.334,,,644.350,2.894.984
Bedrag van de voordelen bovenop het loon,1033,,,,,,,
Nr.,BE 0460.946.968,VOL 10
Op de afsluitingsdatum van het boekjaar,Codes,1.,Voltijds,,2.,Deeltijds,,3.,Totaal in
"",,,,,,,,,voltijdse
"",,,,,,,,,equivalenten
Aantal werknemers,105,,,35,,,15,,"46,9"
Volgens de aard van de arbeidsovereenkomst,,,,,,,,,
Overeenkomst voor een onbepaalde tijd,110,,,33,,,15,,"44,9"
Overeenkomst voor een bepaalde tijd,111,,,2,,,,,2
Overeenkomst voor een duidelijk omschreven werk,112,,,,,,,,
Vervangingsovereenkomst,113,,,,,,,,
Volgens het geslacht en het studieniveau,,,,,,,,,
Mannen,120,,,7,,,1,,"7,8"
lager onderwijs,1200,,,,,,,,
secundair onderwijs,1201,,,6,,,1,,"6,8"
hoger niet-universitair onderwijs,1202,,,1,,,,,1
universitair onderwijs,1203,,,,,,,,
Vrouwen,121,,,28,,,14,,"39,1"
lager onderwijs,1210,,,,,,,,
secundair onderwijs,1211,,,9,,,9,,"16,4"
hoger niet-universitair onderwijs,1212,,,15,,,5,,"18,7"
universitair onderwijs,1213,,,4,,,,,4
Volgens de beroepscategorie,,,,,,,,,
Directiepersoneel,130,,,,,,,,
Bedienden,134,,,35,,,14,,"46,1"
Arbeiders,132,,,,,,1,,"0,8"
Andere,133,,,,,,,,
"",Codes,1.,Uitzendkrachten,2.,Ter
"",,,,,beschikking
Tijdens het boekjaar,,,,,van de
"",,,,,onderneming
"",,,,,gestelde
"",,,,,personen
Gemiddeld aantal tewerkgestelde personen,150,,"0,1",,
Aantal daadwerkelijk gepresteerde uren,151,,490,,
Kosten voor de onderneming,152,,18.617,,
Nr.,BE 0460.946.968,VOL 10
Ingetreden,Codes,1.,Voltijds,,2.,Deeltijds,3.,Totaal in,
"",,,,,,,,voltijdse,
"",,,,,,,,equivalenten,
Aantal werknemers waarvoor de onderneming tijdens,,,,,,,,,
het boekjaar een DIMONA-verklaring heeft ingediend,,,,,,,,,
of die tijdens het boekjaar werden ingeschreven in het,,,,,,,,,
algemeen personeelsregister,205,,,102,,,,,102
Volgens de aard van de arbeidsovereenkomst,,,,,,,,,
Overeenkomst voor een onbepaalde tijd,210,,,9,,,,,9
Overeenkomst voor een bepaalde tijd,211,,,93,,,,,93
Overeenkomst voor een duidelijk omschreven werk,212,,,,,,,,
Vervangingsovereenkomst,213,,,,,,,,
het boekjaar een einde nam,305,100,6,"103,3"
Volgens de aard van de arbeidsovereenkomst,,,,
Overeenkomst voor een onbepaalde tijd,310,8,4,"10,9"
Overeenkomst voor een bepaalde tijd,311,92,2,"92,4"
Overeenkomst voor een duidelijk omschreven werk,312,,,
Vervangingsovereenkomst,313,,,
Volgens de reden van beëindiging van de overeenkomst,,,,
Pensioen,340,1,,1
Werkloosheid met bedrijfstoeslag,341,,,
Afdanking,342,2,,2
Andere reden,343,97,6,"100,3"
Nr.,BE 0460.946.968,VOL 10
"",Codes,Mannen,Codes,Vrouwen,
Totaal van de formele voortgezette beroepsopleidingsinitiatieven ten,,,,,
laste van de werkgever,,,,,
Aantal betrokken werknemers,5801,,5811,,9
Aantal gevolgde opleidingsuren,5802,,5812,,158
Nettokosten voor de onderneming,5803,,5813,,8.113
waarvan brutokosten rechtstreeks verbonden met de opleiding,58031,,58131,,4.959
waarvan betaalde bijdragen en stortingen aan collectieve fondsen,58032,,58132,,3.154
waarvan ontvangen tegemoetkomingen (in mindering),58033,,58133,,
Totaal van de minder formele en informele voortgezette,,,,,
beroepsopleidingsinitiatieven ten laste van de werkgever,,,,,
Aantal betrokken werknemers,5821,,5831,,
Aantal gevolgde opleidingsuren,5822,,5832,,
Nettokosten voor de onderneming,5823,,5833,,
Totaal van de initiële beroepsopleidingsinitiatieven ten laste van de,,,,,
werkgever,,,,,
Aantal betrokken werknemers,5841,,5851,,
Aantal gevolgde opleidingsuren,5842,,5852,,
Nettokosten voor de onderneming,5843,,5853,,
